"","model_name","n_obs_below_0_3","n_obs_above_0_3","n_obs","pct_n_obs_below_0_3","pct_n_obs_above_0_3"
"1","Brown Bw",21.746835443038,282.037974683544,28233.8734177215,0.00049516507911787,0.00864393489694899
"2","Brown Fw",8.49253731343284,131.746268656716,15026.4925373134,0.000575189749471118,0.00863465809133037
"3","Green Bw",0.455696202531646,453.962025316456,21675.3670886076,1.42378609856894e-05,0.0164302349419493
"4","Green Fw",0.194029850746269,142.537313432836,13397.8507462687,1.5486219224921e-05,0.0095514241024117
"5","Neutral Bw",14.2025316455696,729.73417721519,91610.1012658228,0.000112320627679177,0.00895800622860791
"6","Neutral Fw",27.4477611940299,659.656716417911,53904.5373134328,0.000572484694738648,0.0124489654806807
