"","model_name","n_obs_below_0_3","n_obs_above_0_3","n_obs","pct_n_obs_below_0_3","pct_n_obs_above_0_3"
"1","Brown Bw",0,683.342465753425,4497.71232876712,0,0.151561465133526
"2","Brown Fw",0,542.639344262295,3717.4262295082,0,0.146214432576363
"3","Green Bw",0,44.7945205479452,4555.41095890411,0,0.00992533928375959
"4","Green Fw",0,42.9180327868852,3863.14754098361,0,0.0113075086981109
"5","Neutral Bw",0.397260273972603,102.452054794521,17465.2328767123,2.25489042369155e-05,0.00585352750733751
"6","Neutral Fw",0.360655737704918,92.9016393442623,14380.262295082,2.53886183487446e-05,0.00644314964096939
