"","model_name","n_obs_below_0_3","n_obs_above_0_3","n_obs","pct_n_obs_below_0_3","pct_n_obs_above_0_3"
"1","Brown Bw",1723.68,2093.2,27069.4,0.0627549572256545,0.0781849189277165
"2","Brown Fw",906.571428571429,1114.42857142857,14392.9047619048,0.0630607031273707,0.0772281832673728
"3","Green Bw",1120.8,1912.64,21440.08,0.0531780602157049,0.0838224585179829
"4","Green Fw",719.952380952381,963.952380952381,12918.9523809524,0.0557757825113199,0.0750389417069697
"5","Neutral Bw",5158.44,6802,88509.68,0.0580594294418935,0.0779857937906875
"6","Neutral Fw",2940.85714285714,4061.95238095238,50849.7619047619,0.0581281324572076,0.0798867803210257
