"","model_name","n_obs_below_0_3","n_obs_above_0_3","n_obs","pct_n_obs_below_0_3","pct_n_obs_above_0_3"
"1","Brown Bw",170.36,1004.4,4441.52,0.0385614497753783,0.225855202243852
"2","Brown Fw",133.857142857143,809.047619047619,3658.47619047619,0.0366267291630667,0.221328840022054
"3","Green Bw",227.56,374.08,4513,0.0505166684023044,0.0829952906669964
"4","Green Fw",196.047619047619,329.285714285714,3818.95238095238,0.051095593353072,0.0862224835437624
"5","Neutral Bw",1050.28,1356.76,17278.92,0.0608083384621917,0.0785523529100089
"6","Neutral Fw",850.190476190476,1088.19047619048,14129.1428571429,0.0603560331907746,0.0771435956749084
