"","top_10","top_10_alpha","bottom_10","bottom_10_alpha","benchmark_minus_20","top_10_pct","top_10_alpha_pct","bottom_10_pct","bottom_10_alpha_pct","benchmark_minus_20_pct"
"StdDev Sharpe (Rf=0%, p=95%):",0.0431738858114663,0.0458958194008312,0.00568302329505151,0.00493421720896323,0.0658350718803042,0.0425478530813797,0.0452704826181854,0.00420964247227352,0.00400984368801232,0.0657833859982243
"VaR Sharpe (Rf=0%, p=95%):",0.0264488650385007,0.0279188607937971,0.00392751753317771,0.00334679364528877,0.0408540868723257,0.0261571987578985,0.0275174762207789,0.00290955271785602,0.00272142546716751,0.0408109114015308
"ES Sharpe (Rf=0%, p=95%):",0.0173975640960663,0.018989506550083,0.0031004230073069,0.00256488849171176,0.0277093381100083,0.0172992051044478,0.0186696149473842,0.0023051838963893,0.00208357488263062,0.0276129016085598
