"","top_10","top_10_alpha","bottom_10","bottom_10_alpha","benchmark_minus_20","top_10_pct","top_10_alpha_pct","bottom_10_pct","bottom_10_alpha_pct","benchmark_minus_20_pct"
"StdDev Sharpe (Rf=0%, p=95%):",0.0699852523002888,0.0706603846306499,0.0387176974180157,0.0379760911827525,0.0848179755640789,0.0798904421568471,0.0740636056991413,0.0677262856257562,0.0369410561709224,0.0843363309270013
"VaR Sharpe (Rf=0%, p=95%):",0.0431238430817431,0.0434390244176742,0.0242096085397846,0.0235885921415999,0.0521428917869367,0.0488886866968678,0.045987787215724,0.0418345629642827,0.0229165690552714,0.0520476363506325
"ES Sharpe (Rf=0%, p=95%):",0.0294830161596617,0.0294987705804466,0.0167144411616899,0.0161902527750683,0.0329874936270729,0.0326153486072315,0.0310140257010151,0.0274409294128759,0.0155820830070227,0.0332970600916114
