"","top_10","top_10_alpha","bottom_10","bottom_10_alpha","benchmark_minus_20","top_10_pct","top_10_alpha_pct","bottom_10_pct","bottom_10_alpha_pct","benchmark_minus_20_pct"
"StdDev Sharpe (Rf=0%, p=95%):",0.0698958503018551,0.0706603846306499,0.0391123200133181,0.0379760911827525,0.0848170168614019,0.0723892388148875,0.0740636056991413,0.0359500250673139,0.0369410561709224,0.0847300321868307
"VaR Sharpe (Rf=0%, p=95%):",0.0430750969546669,0.0434390244176742,0.0244448218475465,0.0235885921415999,0.0521458329751085,0.0449289995937222,0.045987787215724,0.0224348427742867,0.0229165690552714,0.0520957330856471
"ES Sharpe (Rf=0%, p=95%):",0.0294465365499452,0.0294987705804466,0.0168571164072796,0.0161902527750683,0.0329929433249575,0.0305639006286112,0.0310140257010151,0.0154065866431197,0.0155820830070227,0.0329701495960691
