"","top_10","top_10_alpha","bottom_10","bottom_10_alpha","benchmark_minus_20","top_10_pct","top_10_alpha_pct","bottom_10_pct","bottom_10_alpha_pct","benchmark_minus_20_pct"
"StdDev Sharpe (Rf=0%, p=95%):",0.0691820751756679,0.0584726438361151,0.0463638615639837,0.0409529767647797,0.080374299660666,0.0759920526282874,0.0773424353044174,0.0495678667305507,0.0498539579110618,0.0777675652283466
"VaR Sharpe (Rf=0%, p=95%):",0.0424822267346559,0.0354150843133346,0.0301046984284709,0.0269439628166928,0.050150913764732,0.0467318204243913,0.0473651369639931,0.0311554914533568,0.0313174988860553,0.0484241548587919
"ES Sharpe (Rf=0%, p=95%):",0.0272135283029939,0.0223832664329405,0.021514510797424,0.0199331372679238,0.0331924972717264,0.0310620591737543,0.0313960661105169,0.0222451074974556,0.0228781857347126,0.0319540137891506
