"","top_10","top_10_alpha","bottom_10","bottom_10_alpha","benchmark_minus_20","top_10_pct","top_10_alpha_pct","bottom_10_pct","bottom_10_alpha_pct","benchmark_minus_20_pct"
"StdDev Sharpe (Rf=0%, p=95%):",0.0641675064143416,0.0632020841436215,0.0313723894641018,0.0363980373695993,0.0821399814283903,0.0844638859414783,0.079624062889399,0.0655815943348623,0.0459949533860613,0.0814717809394953
"VaR Sharpe (Rf=0%, p=95%):",0.0388540381597976,0.0382792396202472,0.0200152133705279,0.0236724447970713,0.0512834822223367,0.0525932987671481,0.048834702160343,0.0410236492775531,0.0289410555881111,0.0505923914168604
"ES Sharpe (Rf=0%, p=95%):",0.0241048567700578,0.024012731825045,0.0138271723969037,0.016840772861398,0.0338820402470046,0.0349541798583992,0.032148462674219,0.0289490477227701,0.0209555419488776,0.0331184683494179
