"","top_10","top_10_alpha","bottom_10","bottom_10_alpha","benchmark_minus_20","top_10_pct","top_10_alpha_pct","bottom_10_pct","bottom_10_alpha_pct","benchmark_minus_20_pct"
"StdDev Sharpe (Rf=0%, p=95%):",0.0716316619583157,0.0736849672896722,0.0351222270615748,0.0302160220108346,0.0813484622758551,0.090517868731839,0.0833175174799387,0.052232074860588,0.0438344267556339,0.080426343678099
"VaR Sharpe (Rf=0%, p=95%):",0.0434839775019765,0.0457790060843151,0.0223751821907536,0.0191549093482909,0.0499684859655135,0.055457175866095,0.0506751732150029,0.0320313490631214,0.0274583812335328,0.0495447298432106
"ES Sharpe (Rf=0%, p=95%):",0.0299632130983802,0.0317812128807974,0.0160951268316907,0.0139777566205303,0.0340408663181826,0.0378586472745299,0.0346120150158526,0.0227155500478023,0.0200341365887099,0.0339427931783791
