"","top_10","top_10_alpha","bottom_10","bottom_10_alpha","benchmark_minus_20","top_10_pct","top_10_alpha_pct","bottom_10_pct","bottom_10_alpha_pct","benchmark_minus_20_pct"
"StdDev Sharpe (Rf=0%, p=95%):",0.0731186173986909,0.0736849672896722,0.0349727235368798,0.0302160220108346,0.081217715251686,0.0867780594654095,0.0833175174799387,0.0396891621048675,0.0438344267556339,0.0816294276652258
"VaR Sharpe (Rf=0%, p=95%):",0.0443965978480691,0.0457790060843151,0.0223154607174788,0.0191549093482909,0.0498912617891876,0.0527612045258112,0.0506751732150029,0.0247123052632133,0.0274583812335328,0.0502144503122896
"ES Sharpe (Rf=0%, p=95%):",0.0306760960296071,0.0317812128807974,0.0160205086563733,0.0139777566205303,0.0339977700899039,0.0358583503667127,0.0346120150158526,0.0175082345489906,0.0200341365887099,0.0343608926230416
