"","top_10","top_10_alpha","bottom_10","bottom_10_alpha","benchmark_minus_20","top_10_pct","top_10_alpha_pct","bottom_10_pct","bottom_10_alpha_pct","benchmark_minus_20_pct"
"StdDev Sharpe (Rf=0%, p=95%):",0.049489745041416,0.067580338848391,0.0105331032773773,0.00718476682053189,0.0761516016432774,0.0741746815875263,0.0696190214284934,0.0283381161650556,0.0267629862479906,0.0789748664873981
"VaR Sharpe (Rf=0%, p=95%):",0.0291093882570028,0.0405298069349814,0.00743994474784155,0.00471552449577551,0.0470253122527773,0.0451641784139059,0.0421075363795656,0.018035912192132,0.0169553804977116,0.0487525704066884
"ES Sharpe (Rf=0%, p=95%):",0.0200940632813183,0.0282754646671566,0.00617774172326088,0.00361741652408219,0.0326277739253803,0.0314600851152145,0.0295778445980732,0.0132170522976396,0.0123103152875999,0.0336781120170433
