"","top_10","top_10_alpha","bottom_10","bottom_10_alpha","benchmark_minus_20","top_10_pct","top_10_alpha_pct","bottom_10_pct","bottom_10_alpha_pct","benchmark_minus_20_pct"
"StdDev Sharpe (Rf=0%, p=95%):",0.0722808467071965,0.0778997206038035,0.0385317792450401,0.0323741425842095,0.0843130883421065,0.0851319537852239,0.0765204053663616,0.0610715076024378,0.0311306718508754,0.084852637728856
"VaR Sharpe (Rf=0%, p=95%):",0.0449236513756159,0.0483279974133528,0.0241511911545616,0.0199729982986657,0.0517943779588677,0.0520717976479519,0.0476134029045286,0.0374578511422734,0.0193024361290744,0.0523842636264299
"ES Sharpe (Rf=0%, p=95%):",0.0307609075976136,0.0331212983559791,0.0166035453345194,0.013631753286589,0.0326574675386348,0.0342800157020385,0.0326432686027106,0.0238207760703851,0.0133260033463099,0.0335924910522881
