"","top_10","top_10_alpha","bottom_10","bottom_10_alpha","benchmark_minus_20","top_10_pct","top_10_alpha_pct","bottom_10_pct","bottom_10_alpha_pct","benchmark_minus_20_pct"
"StdDev Sharpe (Rf=0%, p=95%):",0.0688498445123139,0.0584726438361151,0.0467718358306216,0.0409529767647797,0.0803488670112807,0.0841024491448789,0.0773424353044174,0.0646951053292399,0.0498539579110618,0.081326285759013
"VaR Sharpe (Rf=0%, p=95%):",0.0422820548278068,0.0354150843133346,0.0304027958624665,0.0269439628166928,0.0501302405117875,0.0525373192661743,0.0473651369639931,0.0405267375945364,0.0313174988860553,0.0504152441908218
"ES Sharpe (Rf=0%, p=95%):",0.0269466628926544,0.0223832664329405,0.0217629559159905,0.0199331372679238,0.033174520704179,0.035612229747414,0.0313960661105169,0.0284572539024827,0.0228781857347126,0.0328643227484481
