"","top_10","top_10_alpha","bottom_10","bottom_10_alpha","benchmark_minus_20","top_10_pct","top_10_alpha_pct","bottom_10_pct","bottom_10_alpha_pct","benchmark_minus_20_pct"
"StdDev Sharpe (Rf=0%, p=95%):",0.0661018174165143,0.0725084916709497,0.0612687193726043,0.0737720260663502,0.0845076602728238,0.0902112977990027,0.0900060188646604,0.0753373625401417,0.0713970530838209,0.0812350877912974
"VaR Sharpe (Rf=0%, p=95%):",0.0402845128150041,0.0447766941020895,0.0395502170288936,0.0486305454732783,0.0528905665630455,0.0558394739691779,0.0559623294198843,0.0485533883706616,0.0456615174887811,0.0506118206433927
"ES Sharpe (Rf=0%, p=95%):",0.0271485414006212,0.0307856803407396,0.0288065826290454,0.0363181203897678,0.0352385297397626,0.0386138958201707,0.0387508257657169,0.035324306285133,0.0339734903452421,0.0334805259980483
