"","top_10","top_10_alpha","bottom_10","bottom_10_alpha","benchmark_minus_20","top_10_pct","top_10_alpha_pct","bottom_10_pct","bottom_10_alpha_pct","benchmark_minus_20_pct"
"StdDev Sharpe (Rf=0%, p=95%):",0.0679165141336962,0.0734814587186389,0.0262910775614269,0.0322353489252808,0.0819309243848769,0.0958591899813884,0.0864459741240374,0.0606036297739195,0.0437565592131699,0.0792210234094314
"VaR Sharpe (Rf=0%, p=95%):",0.04094826352578,0.0454906871486512,0.0165459246344501,0.0204481986936694,0.0503512771184107,0.058597390948964,0.0525629016174146,0.0373559469215634,0.0273706943831985,0.0487227718002256
"ES Sharpe (Rf=0%, p=95%):",0.0275767053217124,0.0307943517464671,0.0119410166735859,0.0149430463611403,0.0343050016968675,0.0392826587819664,0.0354403205229895,0.0263648298404458,0.0199636469841493,0.0335454023174116
