"","top_10","top_10_alpha","bottom_10","bottom_10_alpha","benchmark_minus_20","top_10_pct","top_10_alpha_pct","bottom_10_pct","bottom_10_alpha_pct","benchmark_minus_20_pct"
"StdDev Sharpe (Rf=0%, p=95%):",0.0702416542852762,0.0727468346571909,0.0506590530826106,0.0509968866608107,0.0852348263102146,0.090587280508996,0.0932503416102491,0.0813707235079217,0.0639511929209368,0.0780592994406374
"VaR Sharpe (Rf=0%, p=95%):",0.0435252308517001,0.045177809278576,0.0325144755587712,0.0326686437504477,0.0533545116501783,0.056332057551262,0.057573352475877,0.0512627038112674,0.0406209694236058,0.0486079755503692
"ES Sharpe (Rf=0%, p=95%):",0.0299467993757017,0.0308797346018615,0.0240894131532765,0.0244955828588428,0.0353795999957268,0.0378267672440152,0.0397397238749369,0.0369496448873876,0.0302717833403834,0.031890654909797
