"","top_10","top_10_alpha","bottom_10","bottom_10_alpha","benchmark_minus_20","top_10_pct","top_10_alpha_pct","bottom_10_pct","bottom_10_alpha_pct","benchmark_minus_20_pct"
"StdDev Sharpe (Rf=0%, p=95%):",0.0546954727087719,0.0565904965932133,0.0103583910601763,0.00943837668641781,0.0759464960388761,0.0693405249582346,0.0695082480511649,0.0303167972489235,0.0347542005333283,0.0791480807885335
"VaR Sharpe (Rf=0%, p=95%):",0.0328544271394723,0.0335983526726402,0.00728201071066706,0.00591306827745476,0.0468761406327268,0.0420612498909365,0.0421654493245226,0.0192852698810352,0.0221094415591191,0.0488377956634524
"ES Sharpe (Rf=0%, p=95%):",0.0227632624052982,0.0233948382798637,0.00599241403800192,0.00455210029686413,0.0325275658556568,0.0294680964990238,0.0296511228716145,0.0141801822222279,0.0161109141965289,0.0337145931978455
