"","top_10","top_10_alpha","bottom_10","bottom_10_alpha","benchmark_minus_20","top_10_pct","top_10_alpha_pct","bottom_10_pct","bottom_10_alpha_pct","benchmark_minus_20_pct"
"StdDev Sharpe (Rf=0%, p=95%):",0.0633527949589185,0.0632020841436215,0.0317852993864287,0.0363980373695993,0.0821571565034252,0.0771217687696291,0.079624062889399,0.0466983091260134,0.0459949533860613,0.0823363398544734
"VaR Sharpe (Rf=0%, p=95%):",0.0383195046018481,0.0382792396202472,0.0202937171408288,0.0236724447970713,0.051294264080376,0.0474584518589413,0.048834702160343,0.0292920990609833,0.0289410555881111,0.0514213593730799
"ES Sharpe (Rf=0%, p=95%):",0.0237635251014733,0.024012731825045,0.0140354761315573,0.016840772861398,0.0338878166258792,0.031182852008297,0.032148462674219,0.0208495940419195,0.0209555419488776,0.0338577092821691
