"","top_10","top_10_alpha","bottom_10","bottom_10_alpha","benchmark_minus_20","top_10_pct","top_10_alpha_pct","bottom_10_pct","bottom_10_alpha_pct","benchmark_minus_20_pct"
"StdDev Sharpe (Rf=0%, p=95%):",0.0432451082562291,0.0464396659236278,0.00868595882802676,0.0109692953278024,0.0641408808489312,0.0424359698549266,0.0419486756849129,0.010311962462671,0.0121241855559016,0.0630084837599498
"VaR Sharpe (Rf=0%, p=95%):",0.026325076748192,0.0279728515534153,0.00605790396304104,0.00753247823556387,0.0396776032387223,0.0258520356916097,0.0253296936095879,0.00720956102861065,0.00836182806223585,0.038960038679091
"ES Sharpe (Rf=0%, p=95%):",0.0175741309304957,0.0192918747830347,0.00485010590032315,0.00580599408207173,0.0269969988919199,0.0175943578204185,0.0174163331563838,0.00580265711620188,0.00653599722112088,0.0264596337729196
