"","top_10","top_10_alpha","bottom_10","bottom_10_alpha","benchmark_minus_20","top_10_pct","top_10_alpha_pct","bottom_10_pct","bottom_10_alpha_pct","benchmark_minus_20_pct"
"StdDev Sharpe (Rf=0%, p=95%):",0.0547137454467781,0.0565904965932133,0.0111911089524029,0.00943837668641781,0.0758938043253023,0.068792122562984,0.0695082480511649,0.0303161100491967,0.0347542005333283,0.0792088819195813
"VaR Sharpe (Rf=0%, p=95%):",0.0328494447469191,0.0335983526726402,0.00786772725817226,0.00591306827745476,0.0468430790835994,0.0417176317735163,0.0421654493245226,0.019285172514316,0.0221094415591191,0.0488785562187521
"ES Sharpe (Rf=0%, p=95%):",0.0227921679996236,0.0233948382798637,0.00646678422899966,0.00455210029686413,0.0325060635144089,0.029227191704291,0.0296511228716145,0.0141764523739048,0.0161109141965289,0.0337455837435438
