"","top_10","top_10_alpha","bottom_10","bottom_10_alpha","benchmark_minus_20","top_10_pct","top_10_alpha_pct","bottom_10_pct","bottom_10_alpha_pct","benchmark_minus_20_pct"
"StdDev Sharpe (Rf=0%, p=95%):",0.490087520567708,0.501162846943111,0.161499108401599,0.164456691324354,0.410877178094197,0.493297803061593,0.516396235419264,0.291489657373348,0.151812115233939,0.424009225773054
"VaR Sharpe (Rf=0%, p=95%):",0.400449227238611,0.394664649979115,0.120288918949656,0.12288087104167,0.334054610442985,0.417163864041133,0.423289755522727,0.229183131114392,0.109305105697405,0.342161297004115
"ES Sharpe (Rf=0%, p=95%):",0.27333537674554,0.270636453629887,0.0993831674368538,0.0986406290256032,0.238968237834056,0.283863113837314,0.296349437800021,0.172479256809478,0.0906802671018604,0.254772988078542
