"","top_10","top_10_alpha","bottom_10","bottom_10_alpha","benchmark_minus_20","top_10_pct","top_10_alpha_pct","bottom_10_pct","bottom_10_alpha_pct","benchmark_minus_20_pct"
"StdDev Sharpe (Rf=0%, p=95%):",0.182164599995357,0.219203935846613,0.041725227875188,0.04437566150836,0.361775337404694,0.17609204736071,0.196845331913588,0.0498181874032465,0.0392368754317951,0.355884145481943
"VaR Sharpe (Rf=0%, p=95%):",0.115912760506992,0.158412298243927,0.0419491260418219,0.0449558309715143,0.299710961931135,0.112206747422491,0.141569287475059,0.0544528538039359,0.0406508836843685,0.293146135342784
"ES Sharpe (Rf=0%, p=95%):",0.0881945272624088,0.123613417088945,0.0261997018517347,0.0279816606742245,0.221356031084045,0.0865599101480961,0.111823520382389,0.0277161163838695,0.0234501929947604,0.216793462137609
