"","top_10","top_10_alpha","bottom_10","bottom_10_alpha","benchmark_minus_20","top_10_pct","top_10_alpha_pct","bottom_10_pct","bottom_10_alpha_pct","benchmark_minus_20_pct"
"StdDev Sharpe (Rf=0%, p=95%):",0.462587404815601,0.430058931932161,0.161266048366716,0.110177122955153,0.413339825150411,0.509139761622053,0.546526671498758,0.288180022685418,0.18078755694478,0.407651965358052
"VaR Sharpe (Rf=0%, p=95%):",0.351391889823929,0.331336752021131,0.128972844842131,0.0809796260438736,0.336362061402219,0.432848715081954,0.457489801781478,0.21699710894646,0.130279791945403,0.333995581172358
"ES Sharpe (Rf=0%, p=95%):",0.20920612494258,0.228880419727812,0.105702490451725,0.0673347434047916,0.241877268917106,0.303484986134262,0.302266714501393,0.162245025083695,0.104035164280583,0.24213219242949
