"","top_10","top_10_alpha","bottom_10","bottom_10_alpha","benchmark_minus_20","top_10_pct","top_10_alpha_pct","bottom_10_pct","bottom_10_alpha_pct","benchmark_minus_20_pct"
"StdDev Sharpe (Rf=0%, p=95%):",0.477525464104573,0.504763987116158,0.248133907761934,0.243726289689444,0.459005210566964,0.513028171482932,0.511523011910898,0.432220564435405,0.247882295443917,0.424011468677135
"VaR Sharpe (Rf=0%, p=95%):",0.406053461740804,0.46636378333478,0.200909920782437,0.193393740137722,0.384172394343527,0.449004559537878,0.445119112910625,0.372051509574431,0.189624448685713,0.340576170501591
"ES Sharpe (Rf=0%, p=95%):",0.295346167175697,0.335870671200076,0.16227636779503,0.160571871983527,0.295797757487791,0.329989449072666,0.331801965599331,0.298198504385775,0.156692175504545,0.258776027344264
