"","top_10","top_10_alpha","bottom_10","bottom_10_alpha","benchmark_minus_20","top_10_pct","top_10_alpha_pct","bottom_10_pct","bottom_10_alpha_pct","benchmark_minus_20_pct"
"StdDev Sharpe (Rf=0%, p=95%):",0.477525464104573,0.504763987116158,0.248066461022997,0.243726289689444,0.458691532146222,0.499308456285627,0.511523011910898,0.267657973211164,0.247882295443917,0.46125285252616
"VaR Sharpe (Rf=0%, p=95%):",0.406053461740804,0.46636378333478,0.200963485484941,0.193393740137722,0.383762476660592,0.433464093885413,0.445119112910625,0.212483606285896,0.189624448685713,0.384487446599121
"ES Sharpe (Rf=0%, p=95%):",0.295346167175697,0.335870671200076,0.162477180158672,0.160571871983527,0.295554675438628,0.325924044501984,0.331801965599331,0.173308018608725,0.156692175504545,0.294085797516903
