"","top_10","top_10_alpha","bottom_10","bottom_10_alpha","benchmark_minus_20","top_10_pct","top_10_alpha_pct","bottom_10_pct","bottom_10_alpha_pct","benchmark_minus_20_pct"
"StdDev Sharpe (Rf=0%, p=95%):",0.330099192677865,0.31502295773167,0.285847444197045,0.297768051699667,0.466203993657549,0.453108059462685,0.478295777013921,0.308319995495539,0.329635733927139,0.462842014225024
"VaR Sharpe (Rf=0%, p=95%):",0.257645884887181,0.243076407658592,0.234044378678151,0.246818244521397,0.394239451766639,0.400696963814806,0.429509396086713,0.241025185229146,0.271226523237011,0.38932998524171
"ES Sharpe (Rf=0%, p=95%):",0.197697251942841,0.192683282202466,0.189497174477472,0.205826789758731,0.302407231419659,0.30580581319951,0.311392448654626,0.195530154827632,0.224782828235884,0.297118878503039
