"","top_10","top_10_alpha","bottom_10","bottom_10_alpha","benchmark_minus_20","top_10_pct","top_10_alpha_pct","bottom_10_pct","bottom_10_alpha_pct","benchmark_minus_20_pct"
"StdDev Sharpe (Rf=0%, p=95%):",0.30880979972313,0.344434986097631,0.150223769748791,0.175448615739176,0.449241901595137,0.390165182733799,0.375772713943005,0.228353630970656,0.227732986928824,0.451831045633454
"VaR Sharpe (Rf=0%, p=95%):",0.199385465896069,0.233709855137551,0.105353107192334,0.130037376849991,0.363273919081708,0.272443040829121,0.257224204849075,0.169265887618532,0.168088672934396,0.364200740472942
"ES Sharpe (Rf=0%, p=95%):",0.127378047486462,0.155239836062693,0.0856952430743068,0.10709063128612,0.265742962968736,0.187604992819217,0.171879373731809,0.136778288063506,0.137514137655657,0.267043053899565
