"","top_10","top_10_alpha","bottom_10","bottom_10_alpha","benchmark_minus_20","top_10_pct","top_10_alpha_pct","bottom_10_pct","bottom_10_alpha_pct","benchmark_minus_20_pct"
"StdDev Sharpe (Rf=0%, p=95%):",0.344226975989035,0.304410203176554,0.223936591196006,0.227496199653184,0.40264088417519,0.428932214226079,0.346410831923754,0.31961016270959,0.222021010067114,0.405613009769705
"VaR Sharpe (Rf=0%, p=95%):",0.248527059454877,0.222541997791415,0.166541952898076,0.171516989625844,0.31607175996205,0.342791662309679,0.259191767669575,0.247047812438861,0.163311448868136,0.313300433486337
"ES Sharpe (Rf=0%, p=95%):",0.170916971680074,0.158143072004123,0.134218107166238,0.141003676992677,0.233240982312735,0.236257498374987,0.185011336723866,0.193478306285095,0.133269127799443,0.228522592828131
