"","top_10","top_10_alpha","bottom_10","bottom_10_alpha","benchmark_minus_20","top_10_pct","top_10_alpha_pct","bottom_10_pct","bottom_10_alpha_pct","benchmark_minus_20_pct"
"StdDev Sharpe (Rf=0%, p=95%):",0.365240306475983,0.312295251072199,0.251846213260121,0.252828431441321,0.435928483696999,0.4775924423105,0.365465574033591,0.346003078544855,0.241021684740947,0.439446333083647
"VaR Sharpe (Rf=0%, p=95%):",0.25716843886565,0.223477465513774,0.188701343472322,0.192618106676911,0.349672560205569,0.39417829021729,0.274098771613241,0.27318489647387,0.179045365141127,0.346885654744192
"ES Sharpe (Rf=0%, p=95%):",0.175899879495566,0.15590158507131,0.151684464335489,0.157947006640727,0.255279582636677,0.265110008308678,0.190147594444911,0.213850974093074,0.146398491062313,0.250228507493266
