"","top_10","top_10_alpha","bottom_10","bottom_10_alpha","benchmark_minus_20","top_10_pct","top_10_alpha_pct","bottom_10_pct","bottom_10_alpha_pct","benchmark_minus_20_pct"
"StdDev Sharpe (Rf=0%, p=95%):",0.181975743593249,0.219203935846613,0.0441369647656644,0.04437566150836,0.361472874648876,0.183253841532888,0.196845331913588,0.0490017536591577,0.0392368754317951,0.355288961149526
"VaR Sharpe (Rf=0%, p=95%):",0.116204666626242,0.158412298243927,0.0453933475585922,0.0449558309715143,0.299191569355675,0.116963698838568,0.141569287475059,0.05483461291282,0.0406508836843685,0.292429399000768
"ES Sharpe (Rf=0%, p=95%):",0.0884372667885952,0.123613417088945,0.026010108018325,0.0279816606742245,0.221198254769461,0.0901709788863548,0.111823520382389,0.0251393399921733,0.0234501929947604,0.216397746865585
