"","top_10","top_10_alpha","bottom_10","bottom_10_alpha","benchmark_minus_20","top_10_pct","top_10_alpha_pct","bottom_10_pct","bottom_10_alpha_pct","benchmark_minus_20_pct"
"StdDev Sharpe (Rf=0%, p=95%):",0.360798715928058,0.335393889122251,0.183487582939455,0.202191942619944,0.411429514267296,0.327877511515995,0.308900135092124,0.166509238513749,0.195694467186463,0.416407144483841
"VaR Sharpe (Rf=0%, p=95%):",0.273758670744387,0.262113295187346,0.132798285772797,0.145552123087343,0.308229178832133,0.241271881835794,0.244003288809571,0.117506745789466,0.142849509877521,0.314493114224521
"ES Sharpe (Rf=0%, p=95%):",0.185576254983614,0.18293800105315,0.108136603620317,0.118600252028515,0.212471375456294,0.160054733587801,0.174940521256531,0.0955582646362422,0.116819258282521,0.217585065962907
