"","top_10","top_10_alpha","bottom_10","bottom_10_alpha","benchmark_minus_20","top_10_pct","top_10_alpha_pct","bottom_10_pct","bottom_10_alpha_pct","benchmark_minus_20_pct"
"StdDev Sharpe (Rf=0%, p=95%):",0.462587404815601,0.430058931932161,0.154513216274119,0.110177122955153,0.41494349577833,0.477826806191003,0.546526671498758,0.169484694283543,0.18078755694478,0.422770543374581
"VaR Sharpe (Rf=0%, p=95%):",0.351391889823929,0.331336752021131,0.122056945773529,0.0809796260438736,0.338466147635611,0.382062160548114,0.457489801781478,0.122430031873985,0.130279791945403,0.352260279893571
"ES Sharpe (Rf=0%, p=95%):",0.20920612494258,0.228880419727812,0.100553391264986,0.0673347434047916,0.243570744268537,0.256074975492642,0.302266714501393,0.099735680507271,0.104035164280583,0.250377295106024
