"","top_10","top_10_alpha","bottom_10","bottom_10_alpha","benchmark_minus_20","top_10_pct","top_10_alpha_pct","bottom_10_pct","bottom_10_alpha_pct","benchmark_minus_20_pct"
"StdDev Sharpe (Rf=0%, p=95%):",0.232134014145485,0.23393345628616,0.0267737840061642,0.0238245163038816,0.365483466142256,0.287490323318144,0.242190752671303,0.179542379370946,0.0300291888464534,0.330902237318456
"VaR Sharpe (Rf=0%, p=95%):",0.155155467208204,0.163932598672111,0.0271932260541028,0.0213287023582758,0.299046765848681,0.205056996114416,0.176175458908569,0.138603492293126,0.0287935059293092,0.289630247233899
"ES Sharpe (Rf=0%, p=95%):",0.120943320672194,0.12692396707585,0.0151619928215791,0.0162860556076068,0.220179803192184,0.154578496697496,0.134376742009066,0.108646783717473,0.0200453868773497,0.229599648614426
