"","top_10","top_10_alpha","bottom_10","bottom_10_alpha","benchmark_minus_20","top_10_pct","top_10_alpha_pct","bottom_10_pct","bottom_10_alpha_pct","benchmark_minus_20_pct"
"StdDev Sharpe (Rf=0%, p=95%):",0.287530049060381,0.322612320824753,0.0788001940579124,0.0688566318519402,0.396431936836318,0.449814421856255,0.403529137894494,0.152521516843462,0.157723152259577,0.408591103030919
"VaR Sharpe (Rf=0%, p=95%):",0.214450039892453,0.239902351326232,0.0584083998287289,0.0463301708474128,0.327321710872492,0.363385171019176,0.328114891248987,0.110612827817734,0.116152833718589,0.340623898883988
"ES Sharpe (Rf=0%, p=95%):",0.170642301087221,0.180984877983532,0.0477994512254821,0.0336606433124346,0.245240399018095,0.283878426262174,0.244572528638328,0.0853044194292526,0.0902265419076897,0.25451028311667
