"","top_10","top_10_alpha","bottom_10","bottom_10_alpha","benchmark_minus_20","top_10_pct","top_10_alpha_pct","bottom_10_pct","bottom_10_alpha_pct","benchmark_minus_20_pct"
"StdDev Sharpe (Rf=0%, p=95%):",0.362842200193703,0.335393889122251,0.189295028051909,0.202191942619944,0.411041657811376,0.318056425658223,0.308900135092124,0.172214025095888,0.195694467186463,0.41739080815251
"VaR Sharpe (Rf=0%, p=95%):",0.280366665300593,0.262113295187346,0.137946386306104,0.145552123087343,0.307476373995376,0.233289231685194,0.244003288809571,0.122299547224887,0.142849509877521,0.315355932612845
"ES Sharpe (Rf=0%, p=95%):",0.193382818972647,0.18293800105315,0.112238647619588,0.118600252028515,0.211746482850525,0.155380355691174,0.174940521256531,0.0993379156148654,0.116819258282521,0.218013351443019
