"","top_10","top_10_alpha","bottom_10","bottom_10_alpha","benchmark_minus_20","top_10_pct","top_10_alpha_pct","bottom_10_pct","bottom_10_alpha_pct","benchmark_minus_20_pct"
"StdDev Sharpe (Rf=0%, p=95%):",0.283102549042453,0.322612320824753,0.0788001940579124,0.0688566318519402,0.396709556360432,0.472811930958054,0.403529137894494,0.283609020955084,0.157723152259577,0.405440580173213
"VaR Sharpe (Rf=0%, p=95%):",0.209578012752999,0.239902351326232,0.0584083998287289,0.0463301708474128,0.32767985492278,0.392585054023905,0.328114891248987,0.218624662112367,0.116152833718589,0.331504610182631
"ES Sharpe (Rf=0%, p=95%):",0.166447937310015,0.180984877983532,0.0477994512254821,0.0336606433124346,0.245513817065664,0.296683156941545,0.244572528638328,0.17064041416092,0.0902265419076897,0.242017786535126
