"","top_10","top_10_alpha","bottom_10","bottom_10_alpha","benchmark_minus_20","top_10_pct","top_10_alpha_pct","bottom_10_pct","bottom_10_alpha_pct","benchmark_minus_20_pct"
"StdDev Sharpe (Rf=0%, p=95%):",0.234877163245582,0.23393345628616,0.0281442767563079,0.0238245163038816,0.364514279216798,0.227246203408385,0.242190752671303,0.0240189108832161,0.0300291888464534,0.361360128430698
"VaR Sharpe (Rf=0%, p=95%):",0.157146164724701,0.163932598672111,0.0287601048350008,0.0213287023582758,0.297479721295093,0.15259094531236,0.176175458908569,0.0250753840786786,0.0287935059293092,0.29686113939713
"ES Sharpe (Rf=0%, p=95%):",0.122605504597051,0.12692396707585,0.0158267680171168,0.0162860556076068,0.218951798181687,0.119506815194174,0.134376742009066,0.0128299547725279,0.0200453868773497,0.218621285363025
