"","top_10","top_10_alpha","bottom_10","bottom_10_alpha","benchmark_minus_20","top_10_pct","top_10_alpha_pct","bottom_10_pct","bottom_10_alpha_pct","benchmark_minus_20_pct"
"StdDev Sharpe (Rf=0%, p=95%):",0.357008555746361,0.341597419245472,0.160546999076283,0.166203756077956,0.394253403000389,0.405581490874316,0.319196632251319,0.320419062859142,0.163113822135446,0.381703534597226
"VaR Sharpe (Rf=0%, p=95%):",0.285790547735067,0.281219519032373,0.115073581752002,0.118065944677531,0.295863761304898,0.296092880153274,0.267844334076965,0.244716207212773,0.117759466547252,0.277333438067305
"ES Sharpe (Rf=0%, p=95%):",0.201981619736599,0.205235368492922,0.0940076554964238,0.0970119473743466,0.204772717301883,0.197024257140102,0.201760418621951,0.186250949367094,0.096948877887386,0.1947257325504
