"","top_10","top_10_alpha","bottom_10","bottom_10_alpha","benchmark_minus_20","top_10_pct","top_10_alpha_pct","bottom_10_pct","bottom_10_alpha_pct","benchmark_minus_20_pct"
"StdDev Sharpe (Rf=0%, p=95%):",0.334389926766873,0.316110082912467,0.00824582874226101,0.0620597125847474,0.398151073334552,0.470940233963391,0.425032733581605,0.314298103300555,0.167901000574895,0.397333898877764
"VaR Sharpe (Rf=0%, p=95%):",0.254940612436756,0.217834152124623,0.00521474442561386,0.0404279392496623,0.329788459430577,0.404110219358183,0.347254548978681,0.251107479338101,0.120888558592494,0.319942919020594
"ES Sharpe (Rf=0%, p=95%):",0.195215890468884,0.162696043742498,0.00398124408116646,0.029880664497966,0.246225722841007,0.311514254361907,0.26737718137747,0.194142385366835,0.0915828686194771,0.231115306769663
