"","top_10","top_10_alpha","bottom_10","bottom_10_alpha","benchmark_minus_20","top_10_pct","top_10_alpha_pct","bottom_10_pct","bottom_10_alpha_pct","benchmark_minus_20_pct"
"StdDev Sharpe (Rf=0%, p=95%):",0.365240306475983,0.312295251072199,0.250697847897552,0.252828431441321,0.436150988452383,0.400291850221057,0.365465574033591,0.244467502523574,0.241021684740947,0.446202371860551
"VaR Sharpe (Rf=0%, p=95%):",0.25716843886565,0.223477465513774,0.187657839977488,0.192618106676911,0.3499920801152,0.292308694602133,0.274098771613241,0.178518606571904,0.179045365141127,0.359204431168896
"ES Sharpe (Rf=0%, p=95%):",0.175899879495566,0.15590158507131,0.150721288629859,0.157947006640727,0.25548573937973,0.201395101751957,0.190147594444911,0.143913336152913,0.146398491062313,0.262811346088422
