"","top_10","top_10_alpha","bottom_10","bottom_10_alpha","benchmark_minus_20","top_10_pct","top_10_alpha_pct","bottom_10_pct","bottom_10_alpha_pct","benchmark_minus_20_pct"
"StdDev Sharpe (Rf=0%, p=95%):",0.420036434672863,0.367573364375251,0.178744793676273,0.169923447482716,0.401337801554145,0.420892105546386,0.350353390966644,0.180286813026708,0.169343112991372,0.399967751595983
"VaR Sharpe (Rf=0%, p=95%):",0.341303098459659,0.300934579406759,0.123859721667211,0.116546985979011,0.297991704127975,0.348149755552745,0.28066830551011,0.126565688821674,0.116146363287599,0.296110074596718
"ES Sharpe (Rf=0%, p=95%):",0.250130233310088,0.218298683952257,0.0986831328843385,0.096343187451487,0.20491816462721,0.261929400200651,0.203809943523952,0.102167654006237,0.0955474445395013,0.2020522659467
