"","top_10","top_10_alpha","bottom_10","bottom_10_alpha","benchmark_minus_20","top_10_pct","top_10_alpha_pct","bottom_10_pct","bottom_10_alpha_pct","benchmark_minus_20_pct"
"StdDev Sharpe (Rf=0%, p=95%):",0.187234024790921,0.219203935846613,0.0471591160015259,0.04437566150836,0.359719685769163,0.323496901819729,0.196845331913588,0.203978712112755,0.0392368754317951,0.32911534871211
"VaR Sharpe (Rf=0%, p=95%):",0.119576884931035,0.158412298243927,0.0483851976027351,0.0449558309715143,0.297761027934693,0.235225253598645,0.141569287475059,0.208667773452491,0.0406508836843685,0.261698185888818
"ES Sharpe (Rf=0%, p=95%):",0.0909072790521817,0.123613417088945,0.028185813934612,0.0279816606742245,0.220322433405439,0.176477969811537,0.111823520382389,0.185589478008623,0.0234501929947604,0.199018743481538
