"","top_10","top_10_alpha","bottom_10","bottom_10_alpha","benchmark_minus_20","top_10_pct","top_10_alpha_pct","bottom_10_pct","bottom_10_alpha_pct","benchmark_minus_20_pct"
"StdDev Sharpe (Rf=0%, p=95%):",0.420036434672863,0.367573364375251,0.176905362456612,0.169923447482716,0.401741023185799,0.420892105546386,0.350353390966644,0.176826425692091,0.169343112991372,0.400553827167679
"VaR Sharpe (Rf=0%, p=95%):",0.341303098459659,0.300934579406759,0.122361858798893,0.116546985979011,0.298385289797469,0.348149755552745,0.28066830551011,0.124090623133287,0.116146363287599,0.29659104112743
"ES Sharpe (Rf=0%, p=95%):",0.250130233310088,0.218298683952257,0.0975213081422865,0.096343187451487,0.20500536859775,0.261929400200651,0.203809943523952,0.10033972438497,0.0955474445395013,0.202347915618664
