"","top_10","top_10_alpha","bottom_10","bottom_10_alpha","benchmark_minus_20","top_10_pct","top_10_alpha_pct","bottom_10_pct","bottom_10_alpha_pct","benchmark_minus_20_pct"
"StdDev Sharpe (Rf=0%, p=95%):",0.0365808917132368,0.04241487742878,0.00975751976249305,0.0126565032781467,0.0635680105245913,0.0566496430157414,0.0380066037217487,0.032716401510554,0.0135240770668657,0.066882749717611
"VaR Sharpe (Rf=0%, p=95%):",0.0220469504511694,0.0254277553852588,0.0067937981654717,0.00868577291807162,0.0390652731839105,0.0351180656831547,0.0228260543284292,0.0218132400715713,0.00931824501966673,0.0407169975666442
"ES Sharpe (Rf=0%, p=95%):",0.014904889700033,0.0176373221393108,0.00539735347472418,0.00666327489190623,0.026626390653707,0.0245709490100134,0.0158208367109545,0.0153158704821057,0.00724785006123239,0.0276457894894771
