"","top_10","top_10_alpha","bottom_10","bottom_10_alpha","benchmark_minus_20","top_10_pct","top_10_alpha_pct","bottom_10_pct","bottom_10_alpha_pct","benchmark_minus_20_pct"
"StdDev Sharpe (Rf=0%, p=95%):",0.0509796731446651,0.0521058455436002,0.013873284292067,0.0158329610437805,0.074138614040266,0.0730841140884611,0.0686470040886219,0.0576081318543894,0.0393431658233793,0.0763913428207126
"VaR Sharpe (Rf=0%, p=95%):",0.0303776847128104,0.0308504272731909,0.00985740951623971,0.0102062401201989,0.0452904227706255,0.0441848389166511,0.0412472048042383,0.0355005226365208,0.0250777286425453,0.0466445997036382
"ES Sharpe (Rf=0%, p=95%):",0.0206488207144628,0.0216208075950574,0.00823983785508307,0.00781220625109902,0.031184997482578,0.0306259067530568,0.0286524742159112,0.0255206616279911,0.0182598762225972,0.0319389630475804
