"","top_10","top_10_alpha","bottom_10","bottom_10_alpha","benchmark_minus_20","top_10_pct","top_10_alpha_pct","bottom_10_pct","bottom_10_alpha_pct","benchmark_minus_20_pct"
"StdDev Sharpe (Rf=0%, p=95%):",0.493804029839001,0.496337926392368,0.173242914390932,0.164624338850262,0.417693032441045,0.48847142611537,0.484329391669805,0.302006586185267,0.182925461382877,0.431569032736082
"VaR Sharpe (Rf=0%, p=95%):",0.416794950522762,0.39899210694952,0.129691188196587,0.122714759974576,0.339816641111426,0.409044731421011,0.394294690307496,0.237420179130943,0.132604014434775,0.349143806193923
"ES Sharpe (Rf=0%, p=95%):",0.287774096582817,0.273739711176108,0.106035280026974,0.0981098455783007,0.242996996214613,0.283442289402897,0.286942822998539,0.176666362688333,0.109151741399165,0.259478941992204
