"","top_10","top_10_alpha","bottom_10","bottom_10_alpha","benchmark_minus_20","top_10_pct","top_10_alpha_pct","bottom_10_pct","bottom_10_alpha_pct","benchmark_minus_20_pct"
"StdDev Sharpe (Rf=0%, p=95%):",0.353935641104705,0.302712063076382,0.0230713122630307,0.0745178789187877,0.396180943791393,0.463360074325799,0.425473200258481,0.31796403588416,0.186409519818306,0.392333867443315
"VaR Sharpe (Rf=0%, p=95%):",0.274982473364392,0.210867071813592,0.0146775619561055,0.0488822148536149,0.325768515536238,0.396760004353498,0.349391180660264,0.253819495339616,0.135346059193781,0.314049826962537
"ES Sharpe (Rf=0%, p=95%):",0.210259125479666,0.157791424621487,0.0110038385927904,0.0354228289675469,0.241584238954934,0.309817971656665,0.269948846178279,0.194009909438228,0.100633651199452,0.22619628480428
