"","top_10","top_10_alpha","bottom_10","bottom_10_alpha","benchmark_minus_20","top_10_pct","top_10_alpha_pct","bottom_10_pct","bottom_10_alpha_pct","benchmark_minus_20_pct"
"StdDev Sharpe (Rf=0%, p=95%):",0.419730477667244,0.377847308852238,0.159760202767912,0.152784972507699,0.381705434333495,0.446071304588568,0.357410321428993,0.316164507767596,0.14974268782609,0.354533822085125
"VaR Sharpe (Rf=0%, p=95%):",0.357769163939486,0.321355192083881,0.110349525617772,0.104654902476143,0.283470460847787,0.338575311707908,0.296766695345099,0.243750742941558,0.102453136164668,0.255575786231141
"ES Sharpe (Rf=0%, p=95%):",0.266979002902556,0.239014893940738,0.0877814677221534,0.0860970916352229,0.196262474074166,0.217844307700638,0.221279443792732,0.187192476071195,0.084001964074761,0.184574124352526
